
Commit 1: Thu Oct  2 08:19:56 UTC 2025
Commit 2: Thu Oct  2 08:19:56 UTC 2025
Commit 3: Thu Oct  2 08:19:56 UTC 2025
Commit 1: Fri Oct  3 08:20:00 UTC 2025
Commit 2: Fri Oct  3 08:20:00 UTC 2025
Commit 3: Fri Oct  3 08:20:00 UTC 2025
Commit 1: Sat Oct  4 08:17:40 UTC 2025
Commit 2: Sat Oct  4 08:17:40 UTC 2025
Commit 3: Sat Oct  4 08:17:40 UTC 2025
Commit 1: Sun Oct  5 08:18:02 UTC 2025
Commit 1: Mon Oct  6 08:21:43 UTC 2025
Commit 2: Mon Oct  6 08:21:43 UTC 2025
Commit 3: Mon Oct  6 08:21:43 UTC 2025
Commit 4: Mon Oct  6 08:21:43 UTC 2025
Commit 1: Tue Oct  7 08:21:26 UTC 2025
Commit 1: Wed Oct  8 08:21:49 UTC 2025
Commit 2: Wed Oct  8 08:21:49 UTC 2025
Commit 3: Wed Oct  8 08:21:49 UTC 2025
Commit 4: Wed Oct  8 08:21:49 UTC 2025
Commit 1: Thu Oct  9 08:21:20 UTC 2025
Commit 2: Thu Oct  9 08:21:20 UTC 2025
Commit 3: Thu Oct  9 08:21:20 UTC 2025
Commit 4: Thu Oct  9 08:21:20 UTC 2025
Commit 1: Fri Oct 10 08:21:14 UTC 2025
Commit 2: Fri Oct 10 08:21:14 UTC 2025
Commit 1: Sat Oct 11 08:18:27 UTC 2025
Commit 2: Sat Oct 11 08:18:27 UTC 2025
Commit 3: Sat Oct 11 08:18:27 UTC 2025
Commit 4: Sat Oct 11 08:18:27 UTC 2025
Commit 1: Sun Oct 12 08:18:27 UTC 2025
Commit 2: Sun Oct 12 08:18:27 UTC 2025
Commit 1: Mon Oct 13 08:23:42 UTC 2025
Commit 2: Mon Oct 13 08:23:42 UTC 2025
Commit 1: Tue Oct 14 08:20:13 UTC 2025
Commit 2: Tue Oct 14 08:20:13 UTC 2025
Commit 1: Wed Oct 15 08:22:25 UTC 2025
Commit 2: Wed Oct 15 08:22:25 UTC 2025
Commit 1: Thu Oct 16 08:22:39 UTC 2025
Commit 2: Thu Oct 16 08:22:39 UTC 2025
Commit 3: Thu Oct 16 08:22:39 UTC 2025
Commit 1: Fri Oct 17 08:21:52 UTC 2025
Commit 2: Fri Oct 17 08:21:52 UTC 2025
Commit 3: Fri Oct 17 08:21:52 UTC 2025
Commit 1: Sat Oct 18 08:19:10 UTC 2025
Commit 2: Sat Oct 18 08:19:10 UTC 2025
Commit 3: Sat Oct 18 08:19:10 UTC 2025
Commit 4: Sat Oct 18 08:19:10 UTC 2025
Commit 1: Sun Oct 19 08:18:32 UTC 2025
Commit 2: Sun Oct 19 08:18:32 UTC 2025
Commit 1: Mon Oct 20 08:22:06 UTC 2025
Commit 2: Mon Oct 20 08:22:06 UTC 2025
Commit 3: Mon Oct 20 08:22:06 UTC 2025
Commit 1: Tue Oct 21 08:22:43 UTC 2025
Commit 2: Tue Oct 21 08:22:43 UTC 2025
Commit 1: Wed Oct 22 08:24:10 UTC 2025
Commit 1: Thu Oct 23 08:22:30 UTC 2025
Commit 1: Fri Oct 24 08:21:37 UTC 2025
Commit 1: Sat Oct 25 08:18:42 UTC 2025
Commit 2: Sat Oct 25 08:18:42 UTC 2025
Commit 3: Sat Oct 25 08:18:42 UTC 2025
Commit 4: Sat Oct 25 08:18:42 UTC 2025
Commit 1: Sun Oct 26 08:19:03 UTC 2025
Commit 2: Sun Oct 26 08:19:03 UTC 2025
Commit 3: Sun Oct 26 08:19:03 UTC 2025
Commit 4: Sun Oct 26 08:19:03 UTC 2025
Commit 1: Mon Oct 27 08:22:54 UTC 2025
Commit 2: Mon Oct 27 08:22:54 UTC 2025
Commit 3: Mon Oct 27 08:22:54 UTC 2025
Commit 1: Tue Oct 28 08:22:26 UTC 2025
Commit 2: Tue Oct 28 08:22:26 UTC 2025
Commit 1: Wed Oct 29 08:23:06 UTC 2025
Commit 2: Wed Oct 29 08:23:06 UTC 2025
Commit 3: Wed Oct 29 08:23:06 UTC 2025
Commit 1: Thu Oct 30 08:21:15 UTC 2025
Commit 2: Thu Oct 30 08:21:15 UTC 2025
Commit 3: Thu Oct 30 08:21:15 UTC 2025
Commit 1: Fri Oct 31 08:21:10 UTC 2025
Commit 2: Fri Oct 31 08:21:10 UTC 2025
Commit 1: Sat Nov  1 08:19:06 UTC 2025
Commit 1: Sun Nov  2 08:18:07 UTC 2025
Commit 2: Sun Nov  2 08:18:07 UTC 2025
Commit 1: Mon Nov  3 08:23:59 UTC 2025
Commit 2: Mon Nov  3 08:23:59 UTC 2025
Commit 3: Mon Nov  3 08:23:59 UTC 2025
Commit 1: Tue Nov  4 08:23:15 UTC 2025
Commit 2: Tue Nov  4 08:23:15 UTC 2025
Commit 1: Wed Nov  5 08:23:17 UTC 2025
Commit 2: Wed Nov  5 08:23:17 UTC 2025
Commit 3: Wed Nov  5 08:23:17 UTC 2025
Commit 4: Wed Nov  5 08:23:17 UTC 2025
Commit 1: Thu Nov  6 08:22:58 UTC 2025
Commit 2: Thu Nov  6 08:22:58 UTC 2025
Commit 3: Thu Nov  6 08:22:58 UTC 2025
Commit 4: Thu Nov  6 08:22:58 UTC 2025
Commit 1: Fri Nov  7 08:22:33 UTC 2025
Commit 2: Fri Nov  7 08:22:33 UTC 2025
Commit 3: Fri Nov  7 08:22:33 UTC 2025
Commit 4: Fri Nov  7 08:22:33 UTC 2025
Commit 1: Sat Nov  8 08:19:33 UTC 2025
Commit 1: Sun Nov  9 08:18:29 UTC 2025
Commit 1: Mon Nov 10 08:24:11 UTC 2025
Commit 2: Mon Nov 10 08:24:11 UTC 2025
Commit 3: Mon Nov 10 08:24:11 UTC 2025
Commit 1: Tue Nov 11 08:22:38 UTC 2025
Commit 2: Tue Nov 11 08:22:38 UTC 2025
Commit 1: Wed Nov 12 08:23:19 UTC 2025
Commit 2: Wed Nov 12 08:23:19 UTC 2025
Commit 1: Thu Nov 13 08:22:35 UTC 2025
Commit 2: Thu Nov 13 08:22:35 UTC 2025
Commit 3: Thu Nov 13 08:22:35 UTC 2025
Commit 4: Thu Nov 13 08:22:35 UTC 2025
Commit 1: Fri Nov 14 08:22:26 UTC 2025
Commit 2: Fri Nov 14 08:22:26 UTC 2025
Commit 3: Fri Nov 14 08:22:26 UTC 2025
Commit 1: Sat Nov 15 08:19:38 UTC 2025
Commit 2: Sat Nov 15 08:19:38 UTC 2025
Commit 3: Sat Nov 15 08:19:38 UTC 2025
Commit 4: Sat Nov 15 08:19:38 UTC 2025
Commit 1: Sun Nov 16 08:20:06 UTC 2025
Commit 1: Mon Nov 17 08:24:49 UTC 2025
Commit 2: Mon Nov 17 08:24:49 UTC 2025
Commit 3: Mon Nov 17 08:24:49 UTC 2025
Commit 4: Mon Nov 17 08:24:49 UTC 2025
Commit 1: Tue Nov 18 08:22:56 UTC 2025
Commit 2: Tue Nov 18 08:22:56 UTC 2025
Commit 3: Tue Nov 18 08:22:56 UTC 2025
Commit 4: Tue Nov 18 08:22:56 UTC 2025
Commit 1: Wed Nov 19 08:22:30 UTC 2025
Commit 2: Wed Nov 19 08:22:30 UTC 2025
Commit 3: Wed Nov 19 08:22:30 UTC 2025
Commit 4: Wed Nov 19 08:22:30 UTC 2025
Commit 1: Thu Nov 20 08:23:36 UTC 2025
Commit 2: Thu Nov 20 08:23:36 UTC 2025
Commit 3: Thu Nov 20 08:23:36 UTC 2025
Commit 1: Fri Nov 21 08:23:59 UTC 2025
Commit 2: Fri Nov 21 08:23:59 UTC 2025
Commit 3: Fri Nov 21 08:23:59 UTC 2025
Commit 1: Sat Nov 22 08:20:14 UTC 2025
Commit 2: Sat Nov 22 08:20:14 UTC 2025
Commit 3: Sat Nov 22 08:20:14 UTC 2025
Commit 1: Sun Nov 23 08:20:18 UTC 2025
Commit 2: Sun Nov 23 08:20:18 UTC 2025
Commit 3: Sun Nov 23 08:20:18 UTC 2025
Commit 4: Sun Nov 23 08:20:18 UTC 2025
Commit 1: Mon Nov 24 08:24:29 UTC 2025
Commit 2: Mon Nov 24 08:24:29 UTC 2025
Commit 1: Tue Nov 25 08:23:59 UTC 2025
Commit 2: Tue Nov 25 08:23:59 UTC 2025
Commit 1: Wed Nov 26 08:23:38 UTC 2025
Commit 2: Wed Nov 26 08:23:38 UTC 2025
Commit 3: Wed Nov 26 08:23:38 UTC 2025
Commit 4: Wed Nov 26 08:23:38 UTC 2025
Commit 1: Thu Nov 27 08:24:27 UTC 2025
Commit 2: Thu Nov 27 08:24:27 UTC 2025
Commit 1: Fri Nov 28 08:23:58 UTC 2025
Commit 2: Fri Nov 28 08:23:58 UTC 2025
Commit 1: Sat Nov 29 08:21:27 UTC 2025
Commit 2: Sat Nov 29 08:21:27 UTC 2025
Commit 1: Sun Nov 30 08:20:26 UTC 2025
Commit 2: Sun Nov 30 08:20:26 UTC 2025
Commit 1: Mon Dec  1 08:27:27 UTC 2025
Commit 2: Mon Dec  1 08:27:27 UTC 2025
Commit 1: Tue Dec  2 08:25:18 UTC 2025
Commit 2: Tue Dec  2 08:25:18 UTC 2025
Commit 3: Tue Dec  2 08:25:18 UTC 2025
Commit 4: Tue Dec  2 08:25:18 UTC 2025
Commit 1: Wed Dec  3 08:24:28 UTC 2025
Commit 2: Wed Dec  3 08:24:28 UTC 2025
Commit 1: Thu Dec  4 08:25:00 UTC 2025
Commit 2: Thu Dec  4 08:25:00 UTC 2025
Commit 1: Fri Dec  5 08:23:43 UTC 2025
Commit 1: Sat Dec  6 08:20:58 UTC 2025
Commit 2: Sat Dec  6 08:20:58 UTC 2025
Commit 1: Sun Dec  7 08:20:26 UTC 2025
Commit 2: Sun Dec  7 08:20:26 UTC 2025
Commit 1: Mon Dec  8 08:27:00 UTC 2025
Commit 2: Mon Dec  8 08:27:00 UTC 2025
Commit 3: Mon Dec  8 08:27:00 UTC 2025
Commit 4: Mon Dec  8 08:27:00 UTC 2025
Commit 1: Tue Dec  9 08:26:01 UTC 2025
Commit 1: Wed Dec 10 08:24:35 UTC 2025
Commit 2: Wed Dec 10 08:24:35 UTC 2025
Commit 3: Wed Dec 10 08:24:35 UTC 2025
Commit 4: Wed Dec 10 08:24:35 UTC 2025
Commit 1: Thu Dec 11 08:25:52 UTC 2025
Commit 2: Thu Dec 11 08:25:52 UTC 2025
Commit 3: Thu Dec 11 08:25:52 UTC 2025
Commit 4: Thu Dec 11 08:25:52 UTC 2025
Commit 1: Fri Dec 12 08:25:34 UTC 2025
Commit 2: Fri Dec 12 08:25:34 UTC 2025
Commit 3: Fri Dec 12 08:25:34 UTC 2025
Commit 4: Fri Dec 12 08:25:34 UTC 2025
Commit 1: Sat Dec 13 08:21:26 UTC 2025
Commit 2: Sat Dec 13 08:21:26 UTC 2025
Commit 3: Sat Dec 13 08:21:26 UTC 2025
Commit 1: Sun Dec 14 08:21:35 UTC 2025
Commit 2: Sun Dec 14 08:21:35 UTC 2025
Commit 3: Sun Dec 14 08:21:35 UTC 2025
Commit 1: Mon Dec 15 08:28:05 UTC 2025
Commit 2: Mon Dec 15 08:28:05 UTC 2025
Commit 1: Tue Dec 16 08:26:20 UTC 2025
Commit 2: Tue Dec 16 08:26:20 UTC 2025
Commit 3: Tue Dec 16 08:26:20 UTC 2025
Commit 4: Tue Dec 16 08:26:20 UTC 2025
Commit 1: Wed Dec 17 08:26:02 UTC 2025
Commit 2: Wed Dec 17 08:26:02 UTC 2025
Commit 3: Wed Dec 17 08:26:02 UTC 2025
Commit 4: Wed Dec 17 08:26:02 UTC 2025
Commit 1: Thu Dec 18 08:25:46 UTC 2025
Commit 1: Fri Dec 19 08:25:29 UTC 2025
Commit 1: Sat Dec 20 08:21:29 UTC 2025
Commit 2: Sat Dec 20 08:21:29 UTC 2025
Commit 3: Sat Dec 20 08:21:29 UTC 2025
Commit 1: Sun Dec 21 08:21:54 UTC 2025
Commit 1: Mon Dec 22 08:26:34 UTC 2025
Commit 2: Mon Dec 22 08:26:34 UTC 2025
Commit 3: Mon Dec 22 08:26:34 UTC 2025
Commit 4: Mon Dec 22 08:26:34 UTC 2025
Commit 1: Tue Dec 23 08:25:37 UTC 2025
Commit 2: Tue Dec 23 08:25:37 UTC 2025
Commit 3: Tue Dec 23 08:25:37 UTC 2025
Commit 1: Wed Dec 24 08:25:35 UTC 2025
Commit 1: Thu Dec 25 08:24:36 UTC 2025
Commit 2: Thu Dec 25 08:24:36 UTC 2025
Commit 1: Fri Dec 26 08:23:54 UTC 2025
Commit 2: Fri Dec 26 08:23:54 UTC 2025
Commit 1: Sat Dec 27 08:22:28 UTC 2025
Commit 2: Sat Dec 27 08:22:28 UTC 2025
Commit 3: Sat Dec 27 08:22:28 UTC 2025
Commit 4: Sat Dec 27 08:22:28 UTC 2025
Commit 1: Sun Dec 28 08:22:32 UTC 2025
Commit 2: Sun Dec 28 08:22:32 UTC 2025
Commit 3: Sun Dec 28 08:22:32 UTC 2025
Commit 4: Sun Dec 28 08:22:32 UTC 2025
Commit 1: Mon Dec 29 08:27:15 UTC 2025
Commit 2: Mon Dec 29 08:27:15 UTC 2025
Commit 3: Mon Dec 29 08:27:15 UTC 2025
Commit 4: Mon Dec 29 08:27:15 UTC 2025
Commit 1: Tue Dec 30 08:25:35 UTC 2025
Commit 2: Tue Dec 30 08:25:35 UTC 2025
Commit 3: Tue Dec 30 08:25:35 UTC 2025
Commit 1: Wed Dec 31 08:25:39 UTC 2025
Commit 2: Wed Dec 31 08:25:39 UTC 2025
Commit 3: Wed Dec 31 08:25:39 UTC 2025
Commit 4: Wed Dec 31 08:25:39 UTC 2025
Commit 1: Thu Jan  1 08:25:15 UTC 2026
Commit 2: Thu Jan  1 08:25:15 UTC 2026
Commit 3: Thu Jan  1 08:25:15 UTC 2026
Commit 4: Thu Jan  1 08:25:15 UTC 2026
Commit 1: Fri Jan  2 08:25:16 UTC 2026
Commit 2: Fri Jan  2 08:25:16 UTC 2026
Commit 3: Fri Jan  2 08:25:16 UTC 2026
